Gender,Married,Dependents,Education,Self_Employed,Loan_Amount_Term,Credit_History,Property_Area,LoanAmount,TotalIncome,Loan_Status
1,0,0,0,0,360.0,1.0,2,146.41216216216216,5849.0,1
1,1,1,0,0,360.0,1.0,0,128.0,6091.0,0
1,1,0,0,1,360.0,1.0,2,66.0,3000.0,1
1,1,0,1,0,360.0,1.0,2,120.0,4941.0,1
1,0,0,0,0,360.0,1.0,2,141.0,6000.0,1
1,1,2,0,1,360.0,1.0,2,267.0,9613.0,1
1,1,0,1,0,360.0,1.0,2,95.0,3849.0,1
1,1,3,0,0,360.0,0.0,1,158.0,5540.0,0
1,1,2,0,0,360.0,1.0,2,168.0,5532.0,1
1,1,1,0,0,360.0,1.0,1,349.0,23809.0,0
1,1,2,0,0,360.0,1.0,2,70.0,3900.0,1
1,1,2,0,0,360.0,1.0,2,109.0,4340.0,1
1,1,2,0,0,360.0,1.0,2,200.0,11179.0,1
1,0,0,0,0,360.0,1.0,0,114.0,4693.0,0
1,1,2,0,0,120.0,1.0,2,17.0,2385.0,1
1,0,0,0,0,360.0,1.0,2,125.0,4950.0,1
1,0,1,1,0,240.0,1.0,2,100.0,3596.0,1
0,0,0,0,0,360.0,0.0,2,76.0,3510.0,0
1,1,0,1,0,360.0,1.0,0,133.0,4887.0,0
1,1,0,0,0,360.0,1.0,2,115.0,6100.0,1
1,1,0,1,0,360.0,0.0,2,104.0,7660.0,0
1,1,1,0,0,360.0,1.0,2,315.0,11580.0,1
1,1,0,1,0,360.0,0.0,1,116.0,4511.0,0
1,1,2,1,0,360.0,0.0,0,112.0,5282.0,0
1,1,1,0,0,360.0,1.0,1,151.0,6642.0,0
1,1,0,0,1,360.0,1.0,1,191.0,9560.0,1
1,1,0,0,0,360.0,1.0,1,122.0,5052.0,1
1,1,2,1,0,360.0,1.0,2,110.0,5266.0,1
1,0,0,1,0,360.0,1.0,2,35.0,1442.0,0
0,0,2,0,0,360.0,1.0,1,120.0,5833.0,1
1,1,1,0,0,360.0,1.0,2,201.0,7535.0,0
1,0,0,0,0,360.0,1.0,2,74.0,3167.0,0
1,0,1,0,1,360.0,1.0,0,106.0,4692.0,0
1,1,0,0,0,360.0,1.0,1,114.0,5167.0,1
1,0,3,0,0,360.0,1.0,0,320.0,15500.0,0
1,1,0,0,0,360.0,1.0,2,146.41216216216216,4342.0,1
1,1,0,0,0,360.0,0.0,2,100.0,3158.0,0
0,1,0,0,0,360.0,1.0,1,144.0,5126.0,1
1,0,0,0,0,360.0,1.0,2,184.0,11376.0,1
1,0,0,1,0,360.0,1.0,1,110.0,5416.0,1
1,0,0,0,0,360.0,1.0,2,80.0,3600.0,0
1,0,0,0,0,360.0,1.0,2,47.0,3013.0,1
1,1,0,0,0,360.0,1.0,2,75.0,2400.0,1
1,1,0,0,0,360.0,1.0,1,134.0,6277.0,1
1,1,0,1,1,360.0,1.0,2,96.0,4695.0,1
0,0,0,0,0,360.0,1.0,2,88.0,3410.0,1
1,1,1,0,0,360.0,1.0,2,44.0,5649.0,1
1,1,0,0,0,360.0,1.0,2,144.0,5821.0,1
0,1,0,0,0,360.0,0.0,2,120.0,6085.0,0
0,0,0,0,0,360.0,1.0,1,144.0,6275.0,1
0,1,0,1,0,360.0,1.0,1,100.0,3572.0,1
0,0,0,0,0,360.0,1.0,1,120.0,3086.0,1
0,0,0,0,0,360.0,1.0,1,112.0,4230.0,0
1,1,2,0,0,360.0,1.0,2,134.0,4616.0,0
0,1,1,0,1,360.0,0.0,2,286.0,11500.0,0
1,1,2,0,0,360.0,1.0,1,97.0,3875.0,1
1,1,0,0,0,360.0,1.0,1,96.0,3723.0,1
1,1,0,0,0,360.0,1.0,0,135.0,5566.0,0
1,1,1,0,0,360.0,1.0,2,180.0,10330.0,1
1,1,2,1,0,360.0,1.0,2,144.0,6216.0,1
1,1,0,0,0,360.0,1.0,2,120.0,6296.0,1
1,1,3,0,0,360.0,1.0,2,99.0,3029.0,1
1,1,0,1,1,180.0,0.0,0,165.0,6058.0,0
1,1,1,0,0,360.0,0.0,0,146.41216216216216,4945.0,0
0,0,0,0,0,360.0,0.0,1,116.0,4166.0,0
1,1,0,0,0,360.0,1.0,1,258.0,10321.0,0
1,0,0,1,0,180.0,0.0,2,126.0,5454.0,0
1,1,1,0,0,360.0,1.0,2,312.0,10750.0,1
1,1,3,1,1,60.0,1.0,2,125.0,7100.0,1
0,0,0,0,0,360.0,0.0,1,136.0,4300.0,0
1,1,0,0,0,360.0,1.0,2,172.0,6274.0,1
1,1,2,1,1,360.0,1.0,1,97.0,3750.0,1
1,0,0,0,0,300.0,1.0,1,81.0,3500.0,1
1,1,3,1,0,360.0,0.0,1,95.0,4755.0,0
1,1,3,0,1,360.0,1.0,1,187.0,7040.0,1
1,0,0,0,0,480.0,1.0,2,113.0,3750.0,0
1,0,0,0,0,360.0,1.0,2,176.0,8500.0,0
1,1,1,0,1,360.0,1.0,2,110.0,4022.0,0
1,1,3,0,0,300.0,0.0,1,180.0,7167.0,0
1,1,3,1,1,360.0,1.0,1,130.0,5499.0,1
0,0,0,0,0,360.0,1.0,1,111.0,3846.0,1
1,1,1,0,1,360.0,1.0,1,146.41216216216216,2395.0,1
0,1,2,0,0,360.0,1.0,2,167.0,3259.0,0
1,1,0,0,0,360.0,1.0,1,265.0,8250.0,0
1,1,1,0,0,240.0,1.0,2,50.0,3988.0,1
1,0,0,0,0,360.0,1.0,1,136.0,4897.0,1
1,1,2,1,0,360.0,1.0,1,99.0,5333.0,1
1,1,0,0,0,360.0,1.0,1,104.0,4618.0,1
1,0,0,0,0,360.0,1.0,2,210.0,8566.0,1
1,1,0,0,0,360.0,1.0,1,175.0,9862.0,1
1,1,0,0,0,360.0,1.0,1,131.0,5858.0,1
1,1,2,0,0,180.0,1.0,1,188.0,11904.0,1
1,1,2,1,0,360.0,1.0,2,81.0,5093.0,1
1,0,0,0,0,360.0,1.0,1,122.0,4133.0,1
1,0,0,1,0,120.0,1.0,1,25.0,3620.0,1
1,0,0,0,0,360.0,1.0,2,146.41216216216216,6782.0,0
0,1,0,0,0,360.0,1.0,1,137.0,4786.0,1
1,1,0,0,0,360.0,1.0,1,50.0,2974.0,1
1,1,0,1,0,180.0,1.0,1,115.0,4188.0,1
1,1,0,0,0,360.0,1.0,1,131.0,5300.0,1
1,1,2,1,0,180.0,1.0,2,133.0,7551.0,1
1,0,0,0,0,360.0,1.0,1,151.0,8649.0,1
1,1,0,0,0,360.0,1.0,2,146.41216216216216,13650.0,1
1,1,0,0,0,360.0,1.0,1,146.41216216216216,8235.0,1
1,1,0,0,0,360.0,1.0,2,160.0,4570.0,1
1,1,1,0,0,360.0,1.0,2,100.0,4082.0,1
1,1,2,0,0,360.0,1.0,2,225.0,12543.0,1
1,0,0,1,0,360.0,1.0,0,120.0,7333.0,0
1,1,2,0,0,360.0,0.0,2,216.0,7400.0,0
1,1,3,1,0,480.0,1.0,1,94.0,2825.0,1
1,0,0,0,0,360.0,1.0,2,136.0,5316.0,1
0,1,0,0,0,360.0,1.0,1,139.0,5262.0,1
1,1,0,1,0,360.0,0.0,0,152.0,7686.0,0
0,0,1,0,1,360.0,1.0,1,146.41216216216216,7451.0,1
1,0,0,0,0,360.0,1.0,1,118.0,5050.0,1
1,1,1,0,0,180.0,1.0,0,185.0,14583.0,1
0,1,0,0,0,360.0,1.0,1,154.0,5450.0,1
1,1,1,0,0,360.0,1.0,2,85.0,3612.0,1
1,1,0,0,0,360.0,1.0,0,175.0,7710.0,0
0,0,0,0,0,360.0,1.0,2,259.0,10408.0,1
1,1,0,0,0,360.0,1.0,0,180.0,8334.0,1
0,0,0,0,0,360.0,1.0,1,44.0,4166.0,1
0,0,0,0,0,360.0,0.0,1,137.0,11117.0,1
1,1,2,0,0,360.0,1.0,1,81.0,2957.0,1
1,1,0,1,0,360.0,1.0,0,194.0,6314.0,1
0,0,0,0,0,360.0,1.0,0,93.0,3692.0,1
1,1,3,0,0,360.0,1.0,0,370.0,23803.0,1
1,0,0,0,0,360.0,1.0,0,146.41216216216216,5505.0,1
1,1,1,0,1,180.0,0.0,2,160.0,14363.0,0
1,1,0,0,0,360.0,1.0,0,182.0,8649.0,0
1,0,0,0,1,480.0,1.0,2,650.0,20166.0,1
1,0,0,0,0,360.0,1.0,2,74.0,3943.0,1
1,0,0,0,0,360.0,1.0,1,70.0,2718.0,1
1,1,0,0,1,120.0,1.0,1,25.0,3459.0,1
1,0,0,0,0,360.0,1.0,1,102.0,4895.0,1
1,1,3,0,0,360.0,1.0,1,290.0,11750.0,0
0,1,0,0,0,360.0,1.0,0,84.0,4583.0,0
1,1,2,0,1,360.0,1.0,2,88.0,6816.0,1
1,0,0,0,0,360.0,0.0,1,242.0,14999.0,0
1,1,2,1,0,360.0,1.0,0,129.0,5630.0,0
1,1,2,0,0,360.0,1.0,0,185.0,7125.0,0
1,0,0,0,0,360.0,1.0,2,168.0,5417.0,1
1,0,0,0,1,180.0,1.0,1,175.0,6950.0,1
1,1,0,0,0,360.0,1.0,1,122.0,4732.0,1
1,1,2,0,0,180.0,1.0,2,187.0,11757.0,1
0,1,0,0,0,360.0,1.0,1,100.0,6816.0,1
0,1,2,0,0,360.0,1.0,2,70.0,14866.0,1
1,1,1,0,0,360.0,1.0,2,30.0,2963.0,1
0,0,0,0,0,360.0,1.0,0,225.0,11666.0,0
1,1,0,0,0,360.0,1.0,1,125.0,5690.0,1
1,0,0,0,0,360.0,0.0,0,118.0,6277.0,0
1,1,0,0,1,360.0,1.0,0,152.0,6327.0,1
1,0,0,0,0,360.0,1.0,2,244.0,9166.0,0
1,1,2,1,0,360.0,1.0,0,113.0,2281.0,0
1,0,0,0,0,360.0,1.0,2,50.0,3254.0,1
1,1,3,0,0,180.0,0.0,1,600.0,39999.0,1
1,1,1,0,0,360.0,1.0,0,160.0,6000.0,1
1,1,1,0,0,360.0,1.0,2,187.0,9538.0,1
1,0,0,0,0,360.0,1.0,0,120.0,5063.0,1
1,1,0,0,0,360.0,1.0,1,255.0,10208.0,1
1,1,0,1,0,360.0,1.0,1,98.0,2904.0,1
1,1,0,0,0,360.0,1.0,2,275.0,7933.0,0
1,1,1,0,0,360.0,0.0,1,121.0,4369.0,0
1,1,2,0,0,360.0,1.0,0,158.0,5614.0,1
1,1,0,0,0,180.0,1.0,2,75.0,9323.0,1
1,1,0,0,0,360.0,1.0,0,182.0,6873.0,1
0,1,0,0,0,360.0,1.0,0,112.0,4583.0,0
1,1,0,0,0,360.0,1.0,0,129.0,5772.0,1
1,0,0,0,0,480.0,0.0,1,63.0,2237.0,0
1,1,2,0,0,360.0,1.0,1,200.0,8000.0,1
1,1,0,1,0,360.0,1.0,0,95.0,3589.0,1
1,1,3,0,0,300.0,1.0,2,700.0,51763.0,1
1,1,3,1,0,180.0,1.0,0,81.0,3522.0,0
1,1,0,0,0,360.0,1.0,1,187.0,11333.0,1
1,1,0,1,1,360.0,1.0,1,87.0,5080.0,0
1,1,0,0,0,360.0,1.0,0,116.0,5461.0,1
1,1,2,0,0,360.0,1.0,0,101.0,3664.0,1
1,1,3,0,0,360.0,0.0,1,495.0,16816.0,0
1,1,1,0,0,360.0,1.0,1,116.0,3750.0,1
1,0,0,1,0,480.0,0.0,2,102.0,3784.0,0
1,1,1,0,0,360.0,0.0,2,180.0,13650.0,0
1,0,0,0,0,360.0,1.0,0,67.0,6979.0,0
1,1,0,0,0,180.0,1.0,1,73.0,4600.0,1
1,1,1,0,0,360.0,1.0,1,260.0,33846.0,0
0,1,0,0,0,360.0,1.0,1,108.0,3625.0,1
1,1,0,0,1,360.0,1.0,1,120.0,43897.0,1
1,1,1,0,1,300.0,0.0,0,66.0,2178.0,0
1,1,0,0,0,360.0,1.0,0,58.0,4521.0,1
1,1,0,0,1,360.0,1.0,0,168.0,5970.0,1
1,1,0,0,0,180.0,1.0,0,188.0,9328.0,1
1,0,0,1,0,360.0,1.0,0,48.0,4885.0,1
1,0,0,0,0,360.0,1.0,1,164.0,12000.0,0
1,1,0,1,0,360.0,1.0,2,160.0,6033.0,0
1,0,0,0,0,360.0,1.0,1,76.0,3858.0,1
1,0,0,0,0,360.0,1.0,0,120.0,4191.0,1
1,1,1,0,0,360.0,1.0,1,170.0,5708.0,0
1,0,0,0,0,360.0,1.0,0,187.0,12083.0,1
0,0,0,1,0,360.0,1.0,2,120.0,4272.0,1
0,1,0,0,0,360.0,1.0,1,113.0,6232.0,1
1,0,0,0,1,360.0,1.0,2,83.0,11000.0,0
1,1,1,1,0,360.0,1.0,1,90.0,5100.0,1
1,0,2,0,0,360.0,0.0,1,166.0,4923.0,1
1,1,3,1,0,180.0,1.0,2,146.41216216216216,3992.0,0
1,1,1,1,0,360.0,1.0,2,135.0,4583.0,1
1,1,2,1,0,360.0,1.0,1,124.0,3917.0,1
0,0,0,1,0,360.0,1.0,1,120.0,4408.0,1
0,0,0,0,0,360.0,1.0,2,80.0,3244.0,1
1,0,0,1,0,360.0,1.0,0,55.0,6506.0,1
1,0,0,0,0,360.0,1.0,2,59.0,2479.0,1
1,0,0,0,0,360.0,1.0,1,127.0,3418.0,0
0,0,0,0,0,360.0,1.0,1,214.0,10000.0,0
1,1,3,0,0,360.0,0.0,1,128.0,4680.0,0
1,1,1,0,1,360.0,1.0,2,240.0,7787.0,1
1,1,3,1,1,360.0,1.0,0,130.0,5703.0,1
1,1,0,0,0,360.0,1.0,2,137.0,6194.0,1
1,1,3,1,0,360.0,1.0,1,100.0,4833.0,1
1,1,0,0,0,360.0,1.0,0,135.0,1950.0,0
1,1,0,0,0,360.0,1.0,1,131.0,5502.0,1
1,1,2,0,0,360.0,0.0,1,72.0,5000.0,0
0,1,2,0,0,360.0,1.0,1,127.0,6666.0,1
1,1,0,0,0,360.0,0.0,2,60.0,2221.0,0
1,1,2,0,0,360.0,1.0,1,116.0,5726.0,1
1,0,0,0,0,360.0,1.0,1,144.0,5762.0,1
1,1,0,0,0,360.0,1.0,1,175.0,8588.0,1
1,1,0,0,0,360.0,1.0,1,128.0,6250.0,1
1,1,0,0,0,360.0,1.0,0,170.0,3250.0,0
1,1,0,1,1,360.0,1.0,2,138.0,4735.0,0
1,1,2,0,0,360.0,1.0,1,210.0,7945.0,1
1,1,0,0,0,480.0,1.0,1,158.0,4758.0,1
1,0,0,0,1,360.0,1.0,0,200.0,6400.0,1
1,1,1,0,0,360.0,1.0,1,104.0,4545.0,1
1,1,0,0,0,180.0,1.0,0,42.0,3716.0,1
1,0,0,1,0,360.0,1.0,0,120.0,5787.0,1
0,0,0,0,0,360.0,1.0,1,280.0,8333.0,1
1,1,1,0,0,360.0,1.0,1,140.0,4934.0,1
1,1,1,0,0,360.0,1.0,0,170.0,6760.0,1
1,1,0,0,0,360.0,1.0,2,255.0,5746.0,0
0,0,0,0,1,360.0,1.0,2,122.0,3463.0,1
0,0,1,0,0,360.0,1.0,0,112.0,3812.0,1
1,1,1,0,0,360.0,1.0,1,96.0,3315.0,1
1,1,2,0,0,360.0,1.0,0,120.0,10819.0,1
1,1,1,1,0,180.0,1.0,2,140.0,4493.0,0
1,0,0,0,0,60.0,1.0,2,155.0,8666.0,1
1,1,2,0,1,360.0,1.0,0,108.0,7550.0,1
1,1,0,1,0,360.0,1.0,1,123.0,7823.0,1
1,0,0,0,1,180.0,1.0,2,120.0,10383.0,0
1,1,2,0,0,360.0,1.0,2,112.0,9703.0,1
1,1,1,1,0,180.0,1.0,2,137.0,6608.0,1
1,1,1,0,0,480.0,1.0,1,123.0,4725.0,1
1,1,0,0,0,360.0,1.0,2,90.0,3677.0,1
1,1,0,1,0,360.0,0.0,1,201.0,5558.0,0
0,0,2,0,0,360.0,1.0,2,138.0,3427.0,0
1,0,0,1,1,360.0,1.0,0,104.0,4750.0,1
1,1,1,1,0,180.0,1.0,1,279.0,9762.0,1
1,0,0,0,1,360.0,0.0,2,192.0,16250.0,0
0,0,3,0,0,360.0,1.0,0,255.0,3083.0,1
1,0,0,1,0,360.0,0.0,0,115.0,6045.0,0
1,1,3,0,0,360.0,1.0,2,94.0,5250.0,0
1,1,0,0,0,360.0,1.0,0,304.0,16783.0,0
1,1,3,1,0,360.0,1.0,1,128.0,4931.0,0
1,1,1,0,0,360.0,1.0,2,330.0,10333.0,1
1,0,0,0,0,360.0,1.0,1,134.0,4269.0,1
0,0,1,0,0,36.0,1.0,1,155.0,3481.0,0
0,0,0,0,0,360.0,1.0,0,120.0,7200.0,1
1,0,0,0,1,360.0,1.0,1,128.0,5166.0,1
1,0,0,0,0,360.0,1.0,0,151.0,7542.0,1
1,1,2,0,0,360.0,1.0,1,150.0,6095.0,1
1,1,3,0,0,360.0,0.0,2,160.0,6144.0,1
0,0,0,0,0,360.0,1.0,0,135.0,3418.0,0
0,0,1,0,0,360.0,1.0,2,90.0,4436.0,1
0,0,0,0,0,360.0,1.0,2,30.0,3237.0,1
1,1,0,0,0,360.0,1.0,2,136.0,11146.0,1
1,0,0,0,0,360.0,1.0,0,126.0,4690.0,1
1,1,0,0,0,360.0,1.0,1,150.0,4843.0,1
1,1,2,0,0,360.0,1.0,1,90.0,3900.0,1
1,1,1,0,0,360.0,1.0,1,115.0,4592.0,1
1,1,0,0,0,360.0,1.0,1,207.0,7267.0,1
1,1,0,0,0,360.0,1.0,2,80.0,4403.0,1
1,1,0,0,0,360.0,1.0,1,436.0,14583.0,1
0,1,0,1,0,360.0,1.0,0,124.0,4100.0,1
1,0,1,1,1,360.0,0.0,2,158.0,6479.0,0
1,1,0,0,0,360.0,1.0,1,112.0,4727.0,1
1,1,2,0,0,180.0,1.0,2,78.0,3286.7999878,1
0,0,0,0,0,360.0,1.0,2,54.0,3477.0,1
1,1,0,0,0,360.0,1.0,0,146.41216216216216,20667.0,0
1,0,0,0,0,360.0,1.0,0,89.0,6211.0,1
0,0,0,0,1,300.0,1.0,1,99.0,4317.0,0
1,1,0,0,0,360.0,1.0,0,120.0,5704.0,1
0,0,0,0,0,360.0,1.0,1,115.0,4124.0,1
1,0,0,0,0,360.0,1.0,0,187.0,9508.0,1
1,1,0,0,0,360.0,1.0,0,139.0,5491.0,1
1,1,2,0,0,360.0,0.0,1,127.0,4400.0,0
1,1,2,0,0,360.0,1.0,2,134.0,4713.0,1
0,0,0,0,0,480.0,0.0,2,143.0,5417.0,0
1,1,0,0,0,360.0,1.0,1,172.0,5717.0,1
1,1,3,0,0,360.0,1.0,2,110.0,5666.0,1
1,1,1,0,0,360.0,1.0,1,200.0,6875.0,1
0,1,1,0,0,360.0,1.0,2,135.0,4666.0,1
0,0,0,0,0,480.0,1.0,0,151.0,7541.0,0
1,1,1,0,0,360.0,1.0,2,113.0,4939.0,0
1,1,0,1,0,360.0,0.0,2,93.0,4734.0,0
1,1,0,1,0,360.0,1.0,1,105.0,4625.0,1
0,0,0,0,0,360.0,1.0,0,132.0,5000.0,1
1,1,1,0,0,360.0,1.0,2,96.0,3428.0,1
1,0,0,0,0,360.0,1.0,0,140.0,6500.0,1
1,0,0,1,0,360.0,1.0,2,146.41216216216216,2000.0,0
0,0,0,0,0,360.0,1.0,0,135.0,5428.0,1
0,0,0,0,0,360.0,0.0,2,104.0,4263.0,0
1,0,0,0,0,360.0,1.0,0,480.0,20233.0,0
1,1,2,1,0,360.0,1.0,0,185.0,7667.0,1
0,0,0,0,0,360.0,1.0,1,84.0,2917.0,1
1,0,0,1,0,360.0,1.0,1,111.0,5332.0,1
0,0,0,0,0,360.0,1.0,0,56.0,2507.0,1
1,1,2,0,1,84.0,1.0,0,144.0,5746.0,1
1,1,0,0,0,360.0,1.0,0,159.0,4316.0,0
1,1,1,1,0,180.0,1.0,2,111.0,5039.0,1
1,1,2,0,0,360.0,1.0,1,120.0,3717.0,1
1,1,0,0,0,360.0,1.0,2,88.0,4192.0,1
0,0,1,0,0,360.0,1.0,1,112.0,3541.0,1
1,1,1,0,1,360.0,1.0,0,155.0,10000.0,0
1,1,0,0,0,360.0,1.0,1,115.0,4567.0,1
1,1,3,0,0,360.0,1.0,1,124.0,4531.0,1
1,1,2,1,0,360.0,1.0,0,146.41216216216216,5191.0,1
0,0,0,0,0,360.0,1.0,0,132.0,6151.0,1
1,1,3,0,0,360.0,1.0,0,300.0,15000.0,1
1,1,1,0,1,360.0,0.0,0,376.0,13649.0,0
1,0,0,0,0,360.0,0.0,0,130.0,4917.0,1
1,1,0,0,1,360.0,1.0,1,184.0,7978.0,1
0,1,0,0,0,360.0,1.0,2,110.0,6784.0,0
0,0,0,0,0,360.0,1.0,2,67.0,2500.0,1
1,0,1,0,0,360.0,1.0,2,117.0,6177.0,1
1,0,0,0,0,360.0,1.0,1,98.0,2935.0,1
1,0,0,0,0,360.0,1.0,2,71.0,2833.0,1
1,1,0,0,0,180.0,1.0,2,490.0,63337.0,1
1,1,1,0,1,180.0,1.0,2,182.0,11666.0,1
1,1,0,0,1,360.0,1.0,1,70.0,9993.0,1
1,1,1,0,0,360.0,1.0,0,160.0,5938.0,1
1,1,2,0,1,360.0,1.0,0,176.0,7100.0,1
0,0,3,1,0,360.0,0.0,2,146.41216216216216,1830.0,0
0,0,0,0,0,360.0,1.0,1,71.0,4160.0,1
1,1,3,1,0,360.0,1.0,0,173.0,4234.0,0
0,0,0,0,0,360.0,1.0,0,46.0,2378.0,0
1,1,1,1,0,360.0,1.0,2,158.0,5783.0,1
1,1,3,1,0,360.0,1.0,1,74.0,3173.0,1
1,1,2,0,0,360.0,1.0,0,125.0,4913.0,1
1,1,0,0,0,360.0,1.0,1,160.0,4957.0,1
1,1,0,1,0,360.0,0.0,0,152.0,6753.0,0
1,1,2,1,0,360.0,1.0,2,126.0,5251.0,1
1,1,0,0,0,360.0,1.0,1,259.0,10916.0,1
1,1,0,0,0,360.0,1.0,0,187.0,8875.0,1
1,1,0,0,0,360.0,1.0,1,228.0,9083.0,1
1,0,0,0,0,360.0,1.0,0,308.0,12917.0,0
1,1,3,0,0,360.0,1.0,0,95.0,4749.0,1
0,1,0,0,1,360.0,0.0,0,105.0,5500.0,0
0,1,0,0,0,360.0,1.0,1,130.0,2928.0,1
0,0,0,0,0,180.0,1.0,2,116.0,3813.0,1
1,1,2,0,0,360.0,1.0,0,165.0,11500.0,1
1,1,1,0,0,360.0,1.0,2,67.0,3875.0,0
1,1,0,1,0,480.0,0.0,2,100.0,4666.0,0
1,1,3,0,0,360.0,1.0,1,200.0,8334.0,1
0,0,1,0,0,360.0,1.0,1,81.0,4723.0,0
1,1,2,0,0,360.0,1.0,1,236.0,8667.0,1
1,1,0,0,0,360.0,1.0,2,130.0,7083.0,1
1,1,0,0,0,300.0,1.0,2,95.0,6046.0,1
1,0,0,0,1,360.0,1.0,0,141.0,6822.0,1
1,0,0,1,0,360.0,1.0,0,133.0,6216.0,0
1,0,0,0,0,480.0,1.0,1,96.0,2500.0,0
1,0,0,0,0,360.0,0.0,0,124.0,5124.0,0
1,1,1,0,0,360.0,1.0,1,175.0,6325.0,1
1,1,0,0,0,360.0,1.0,0,570.0,24996.0,0
0,0,0,0,1,360.0,1.0,1,55.0,15759.0,1
1,1,2,0,0,360.0,1.0,1,155.0,5185.0,1
1,1,2,0,1,300.0,1.0,0,380.0,17196.0,1
1,0,1,0,0,180.0,0.0,2,111.0,5049.0,0
0,0,0,0,0,360.0,1.0,2,110.0,4223.0,1
1,1,0,0,0,180.0,1.0,2,120.0,5740.0,1
1,1,3,0,0,360.0,1.0,0,130.0,13746.0,1
1,1,0,0,0,360.0,1.0,1,130.0,4310.0,1
1,0,0,0,0,480.0,1.0,2,71.0,3069.0,0
1,1,2,0,0,360.0,1.0,2,130.0,5391.0,1
1,1,0,0,0,360.0,1.0,1,128.0,5833.0,1
1,0,0,0,0,360.0,1.0,1,296.0,10173.0,1
0,0,0,0,0,360.0,1.0,2,156.0,6000.0,1
1,0,0,0,1,360.0,1.0,2,128.0,7167.0,1
1,1,2,0,0,360.0,1.0,2,100.0,4566.0,0
1,0,1,0,0,180.0,1.0,2,113.0,3667.0,1
1,0,0,1,0,360.0,1.0,1,132.0,3946.0,1
1,1,0,1,0,360.0,0.0,2,146.41216216216216,6146.0,0
1,1,0,0,0,360.0,1.0,2,136.0,4750.0,1
1,1,0,0,0,360.0,1.0,0,125.0,5488.0,1
1,0,3,0,0,360.0,1.0,0,185.0,9167.0,1
1,1,3,0,0,360.0,1.0,0,275.0,9504.0,1
1,1,0,0,0,360.0,1.0,2,120.0,4698.0,1
1,1,2,1,0,180.0,1.0,1,113.0,3618.0,1
1,1,2,0,0,360.0,1.0,2,113.0,4500.0,1
1,1,2,0,0,360.0,1.0,1,135.0,3760.0,1
0,0,0,0,0,360.0,0.0,2,71.0,3180.0,0
1,1,0,0,0,360.0,1.0,2,95.0,4492.0,1
1,0,0,1,0,360.0,1.0,0,109.0,5568.0,1
0,0,0,0,0,360.0,0.0,1,103.0,3300.0,0
1,1,2,1,0,180.0,0.0,2,45.0,2889.0,0
1,0,0,1,0,300.0,1.0,0,65.0,2755.0,0
1,0,0,0,0,360.0,1.0,1,103.0,22500.0,1
0,0,0,1,0,360.0,1.0,1,53.0,1963.0,1
0,0,0,0,1,360.0,1.0,0,194.0,7441.0,0
0,0,0,0,0,360.0,1.0,1,115.0,4547.0,1
1,1,0,1,0,360.0,1.0,2,115.0,4567.0,1
0,0,0,1,0,360.0,1.0,0,66.0,2213.0,1
1,1,1,0,0,300.0,0.0,1,152.0,8300.0,0
1,1,3,0,0,360.0,0.0,0,360.0,81000.0,0
0,0,1,1,1,360.0,1.0,1,62.0,3867.0,0
1,1,0,0,0,360.0,1.0,2,160.0,6256.0,1
1,1,0,1,0,360.0,0.0,0,218.0,6096.0,0
1,1,0,1,0,360.0,1.0,0,110.0,4286.0,1
0,1,0,1,0,360.0,0.0,1,178.0,5386.0,0
0,0,0,0,0,360.0,1.0,2,60.0,2995.0,1
0,0,1,0,0,360.0,1.0,2,160.0,2600.0,0
1,1,2,0,1,360.0,1.0,2,239.0,21600.0,0
1,1,0,0,0,360.0,1.0,0,112.0,3798.0,1
1,1,0,0,0,360.0,1.0,1,138.0,4663.0,1
1,1,0,0,0,360.0,1.0,0,138.0,5829.0,1
0,0,0,1,0,360.0,0.0,2,80.0,2720.0,0
1,1,0,0,0,360.0,1.0,2,100.0,3539.0,1
1,1,1,0,0,360.0,0.0,2,110.0,8917.0,0
1,1,0,0,0,360.0,1.0,1,96.0,14880.0,1
1,1,0,0,0,360.0,1.0,0,121.0,6966.0,1
0,0,1,1,0,360.0,1.0,0,81.0,4606.0,0
1,1,2,0,0,360.0,1.0,1,133.0,5935.0,1
1,1,0,0,0,360.0,1.0,0,87.0,2936.12000084,1
1,0,0,1,0,180.0,1.0,2,60.0,2717.0,1
0,0,1,0,1,360.0,1.0,1,150.0,8624.0,1
1,0,0,0,0,360.0,0.0,0,105.0,6500.0,0
1,0,0,0,0,360.0,1.0,1,405.0,12876.0,1
1,1,0,0,0,360.0,1.0,1,143.0,4765.0,1
1,0,0,0,0,360.0,1.0,2,100.0,3750.0,1
0,1,0,0,0,240.0,1.0,1,146.41216216216216,10047.0,1
1,0,0,0,0,360.0,1.0,1,50.0,3777.0,1
1,1,0,0,0,360.0,1.0,2,146.41216216216216,3338.0,1
1,0,0,0,1,360.0,0.0,2,187.0,10416.0,0
0,1,0,1,1,360.0,1.0,0,138.0,7142.0,1
1,0,0,0,0,360.0,1.0,1,187.0,8724.0,1
1,1,0,0,0,360.0,1.0,0,180.0,9734.0,1
1,0,3,1,0,360.0,1.0,1,148.0,6700.0,1
1,0,1,0,0,360.0,1.0,1,152.0,37719.0,1
1,1,0,0,0,300.0,1.0,0,175.0,15666.0,1
1,1,1,0,1,360.0,1.0,0,130.0,4676.0,1
1,1,2,1,0,360.0,1.0,0,110.0,4652.0,1
1,1,0,0,0,360.0,1.0,0,55.0,4915.0,0
1,1,2,0,0,360.0,0.0,0,150.0,5050.0,0
1,0,1,1,1,360.0,1.0,1,190.0,4311.0,0
1,1,2,1,0,360.0,0.0,0,125.0,3564.0,0
1,1,2,1,0,300.0,1.0,2,60.0,3414.0,1
1,1,0,0,0,360.0,0.0,0,149.0,5681.0,0
1,1,0,0,0,180.0,0.0,0,90.0,4949.0,1
1,0,0,0,1,360.0,1.0,1,84.0,7085.0,1
1,1,2,0,0,360.0,1.0,1,96.0,3859.0,1
1,1,0,0,0,360.0,1.0,2,118.0,4301.0,1
1,1,0,0,0,360.0,1.0,2,173.0,6277.0,0
1,0,2,0,0,360.0,1.0,0,136.0,4354.0,1
1,1,0,0,0,360.0,1.0,1,160.0,8334.0,0
1,1,0,0,1,360.0,1.0,1,160.0,6166.0,1
1,1,3,0,0,180.0,1.0,2,128.0,7740.0,1
1,1,0,0,0,360.0,1.0,0,153.0,5203.0,1
0,0,1,1,0,360.0,1.0,1,132.0,5191.0,1
1,0,0,0,0,360.0,0.0,1,98.0,4166.0,0
1,0,0,0,0,360.0,1.0,0,140.0,6000.0,1
1,1,3,1,0,180.0,0.0,2,70.0,4611.0,0
1,1,0,0,0,360.0,1.0,1,110.0,16692.0,1
0,1,2,1,0,360.0,1.0,1,98.0,3127.0,1
1,1,0,0,0,360.0,1.0,2,110.0,6784.0,0
1,1,1,0,1,360.0,1.0,1,162.0,5529.0,1
1,1,1,1,0,180.0,0.0,0,113.0,4153.0,0
1,1,3,0,0,360.0,1.0,1,100.0,4691.0,1
0,0,0,0,1,360.0,1.0,2,93.0,2500.0,1
1,0,2,0,0,360.0,1.0,0,162.0,10180.0,1
1,1,2,0,1,360.0,1.0,0,150.0,17539.0,1
1,1,2,0,0,300.0,1.0,1,230.0,8450.0,1
1,1,2,0,0,360.0,0.0,1,132.0,4745.0,0
1,1,1,0,1,360.0,1.0,1,86.0,18917.0,1
1,1,2,0,0,360.0,1.0,2,146.41216216216216,4550.0,0
0,0,0,1,0,360.0,1.0,0,154.0,4350.0,1
1,1,3,1,0,360.0,1.0,0,113.0,3095.0,1
1,1,0,0,0,360.0,1.0,1,128.0,5233.0,1
1,1,0,0,0,360.0,1.0,1,234.0,10833.0,1
1,1,2,0,0,360.0,1.0,1,246.0,8333.0,1
1,1,1,1,0,360.0,1.0,0,131.0,4394.0,1
1,0,2,0,0,360.0,0.0,0,80.0,3547.0,0
1,1,1,0,0,360.0,1.0,2,500.0,18333.0,0
1,1,2,0,1,360.0,1.0,1,160.0,6666.0,1
1,0,0,0,0,360.0,1.0,2,75.0,2435.0,0
1,0,0,1,0,360.0,1.0,1,96.0,5484.0,1
1,1,1,1,0,360.0,1.0,2,186.0,6464.0,1
1,0,0,1,0,360.0,1.0,0,110.0,3691.0,1
0,0,0,1,1,360.0,1.0,1,225.0,17263.0,1
1,1,0,0,0,360.0,0.0,0,119.0,5754.0,0
0,1,1,0,0,84.0,1.0,1,105.0,4239.0,1
1,1,0,1,0,360.0,1.0,0,107.0,4300.0,1
1,1,0,0,0,12.0,1.0,2,111.0,7482.0,1
1,1,1,0,1,360.0,1.0,1,95.0,2895.0,1
1,0,0,0,0,360.0,0.0,0,209.0,10699.0,0
0,0,0,0,0,480.0,1.0,0,113.0,4328.0,1
0,0,0,0,0,360.0,1.0,1,100.0,3159.0,1
1,1,2,0,0,360.0,1.0,1,208.0,10489.0,1
1,1,1,1,0,360.0,1.0,0,138.0,9352.0,0
1,1,0,1,0,300.0,1.0,1,124.0,5297.0,1
1,1,2,0,0,360.0,1.0,0,243.0,7926.0,1
1,1,0,0,0,360.0,1.0,2,480.0,27500.0,1
1,0,0,0,0,360.0,1.0,2,96.0,3583.0,0
1,1,0,0,1,360.0,1.0,2,188.0,5492.0,1
0,0,1,0,0,360.0,1.0,2,40.0,13262.0,1
1,0,0,1,0,360.0,1.0,0,100.0,4885.0,0
1,1,1,0,0,360.0,1.0,1,250.0,8069.0,1
1,1,2,0,0,360.0,1.0,2,148.0,5318.0,1
1,1,0,0,0,180.0,1.0,1,70.0,8796.0,0
1,0,0,0,0,360.0,1.0,0,311.0,9481.0,0
1,1,3,0,0,360.0,1.0,0,150.0,6894.0,1
0,1,2,0,0,480.0,1.0,1,113.0,3663.0,1
1,1,0,1,0,360.0,0.0,1,123.0,4874.0,0
1,0,0,0,0,360.0,1.0,1,185.0,6598.0,0
0,0,0,1,0,360.0,1.0,0,95.0,3400.0,0
1,1,2,1,0,360.0,1.0,1,45.0,3934.0,1
1,0,0,0,0,360.0,1.0,1,55.0,2500.0,1
1,1,3,0,1,360.0,1.0,0,100.0,7101.0,1
1,1,2,0,1,360.0,1.0,0,480.0,15114.0,1
1,0,0,0,0,360.0,1.0,1,146.41216216216216,6767.0,0
1,1,2,0,1,360.0,1.0,0,400.0,17500.0,1
1,1,0,0,0,360.0,1.0,1,110.0,3775.0,1
1,1,1,1,0,360.0,0.0,1,161.0,6715.0,1
1,0,1,1,0,360.0,1.0,1,94.0,3981.0,1
1,0,0,1,0,360.0,1.0,1,130.0,6783.0,1
1,1,0,0,0,360.0,1.0,0,216.0,6525.0,1
1,1,3,0,0,360.0,1.0,2,100.0,4281.0,1
1,0,2,0,0,360.0,0.0,0,110.0,3588.0,0
1,0,1,0,0,360.0,1.0,1,196.0,11250.0,0
0,0,0,1,1,360.0,1.0,2,125.0,18165.0,1
1,0,0,1,0,360.0,1.0,0,126.0,4592.0,1
1,1,0,0,0,360.0,1.0,2,324.0,10039.0,1
1,0,2,0,0,360.0,1.0,1,107.0,3617.0,1
1,1,0,1,0,360.0,1.0,0,66.0,3453.0,0
1,1,3,0,0,180.0,1.0,0,157.0,6417.0,1
0,1,1,0,0,180.0,1.0,1,140.0,7453.0,1
0,0,0,0,0,360.0,0.0,1,99.0,2138.0,0
0,0,1,0,0,360.0,1.0,1,95.0,3652.0,1
1,1,1,1,0,360.0,1.0,2,128.0,4763.0,1
0,1,0,1,0,360.0,1.0,1,102.0,3680.0,1
1,1,0,0,0,360.0,1.0,0,155.0,4718.0,1
1,0,0,1,0,36.0,1.0,1,80.0,3358.0,0
1,0,0,0,0,360.0,1.0,0,145.0,4309.0,1
0,0,0,0,0,360.0,0.0,1,103.0,5000.0,0
1,1,0,0,0,360.0,1.0,0,110.0,4801.0,1
1,1,2,0,1,360.0,0.0,0,146.41216216216216,6633.0,0
1,1,1,1,0,360.0,1.0,0,146.41216216216216,4867.0,1
1,1,1,0,0,360.0,1.0,2,158.0,6583.0,1
1,1,0,1,0,360.0,0.0,2,181.0,4787.0,0
1,1,0,0,0,180.0,0.0,0,132.0,7859.0,0
1,1,1,0,0,360.0,1.0,1,26.0,6500.0,1
0,0,0,0,0,360.0,1.0,2,84.0,4292.0,1
1,1,3,0,1,360.0,1.0,1,260.0,10139.0,1
1,1,0,0,0,360.0,1.0,1,162.0,6556.0,1
0,1,0,0,0,360.0,1.0,1,182.0,6486.0,1
1,1,2,1,0,360.0,1.0,1,108.0,3917.0,1
0,1,1,0,1,360.0,1.0,1,600.0,19484.0,1
1,1,0,0,0,360.0,1.0,0,211.0,7977.0,1
1,0,0,1,1,360.0,1.0,1,132.0,5800.0,1
1,1,2,0,0,360.0,0.0,2,258.0,8799.0,0
1,1,0,1,0,360.0,1.0,0,120.0,4467.0,1
1,0,0,0,0,360.0,1.0,2,70.0,3333.0,1
1,1,3,0,0,360.0,0.0,0,123.0,5900.0,0
0,0,0,0,0,360.0,1.0,2,9.0,2378.0,0
1,1,0,0,0,360.0,0.0,2,104.0,5230.0,0
1,1,1,0,0,360.0,1.0,2,186.0,5167.0,1
1,1,0,0,0,360.0,0.0,2,165.0,6567.0,0
1,1,2,0,0,360.0,1.0,2,275.0,16666.0,1
1,1,2,1,0,480.0,1.0,1,187.0,7750.0,0
1,1,3,0,0,360.0,1.0,1,150.0,6406.0,0
1,1,2,0,0,84.0,1.0,2,108.0,3620.0,1
1,1,0,0,0,360.0,0.0,1,136.0,5297.0,0
1,0,0,0,0,360.0,1.0,2,110.0,5968.0,1
1,1,1,0,0,360.0,1.0,0,107.0,4014.0,1
1,0,0,0,0,360.0,1.0,2,161.0,6099.0,1
1,1,2,0,0,360.0,1.0,1,205.0,6540.0,1
1,0,0,0,0,360.0,1.0,2,90.0,35673.0,0
0,1,0,0,0,360.0,1.0,1,36.0,3166.0,1
1,1,1,0,0,360.0,1.0,0,61.0,1880.0,0
1,1,1,0,0,360.0,0.0,0,146.0,4704.0,0
1,1,1,0,0,84.0,1.0,0,172.0,7283.0,0
1,1,0,0,0,360.0,1.0,2,104.0,3819.0,1
0,0,0,1,0,360.0,1.0,1,70.0,2165.0,1
1,0,0,0,0,360.0,1.0,1,94.0,4750.0,1
1,1,2,0,1,360.0,0.0,1,106.0,2726.0,0
1,1,0,0,0,180.0,1.0,1,56.0,6416.0,1
1,1,2,0,1,240.0,1.0,1,205.0,6000.0,0
1,0,3,0,1,360.0,1.0,1,292.0,9357.0,1
1,1,0,0,0,180.0,1.0,0,142.0,7159.0,1
1,1,0,0,1,360.0,1.0,2,260.0,16120.0,1
1,0,0,1,0,360.0,1.0,0,110.0,3833.0,1
1,1,2,1,1,360.0,1.0,0,187.0,7383.0,0
1,0,0,0,0,360.0,0.0,1,88.0,2987.0,0
1,1,0,0,1,360.0,1.0,0,180.0,9963.0,1
1,1,2,0,0,360.0,1.0,2,192.0,5780.0,1
0,0,3,0,0,180.0,1.0,2,350.0,42083.0,0
1,1,0,1,0,360.0,1.0,0,155.0,5686.0,1
1,1,3,0,0,360.0,1.0,2,128.0,5703.0,1
1,0,0,0,0,360.0,1.0,0,172.0,7977.0,1
0,1,1,0,0,360.0,1.0,1,496.0,12000.0,1
1,1,0,1,0,180.0,1.0,2,146.41216216216216,6200.0,0
1,1,1,0,0,360.0,1.0,1,173.0,5900.0,1
1,1,2,1,0,360.0,1.0,0,157.0,5398.0,1
1,1,0,0,0,360.0,1.0,0,108.0,5182.0,1
0,0,0,0,0,360.0,1.0,0,71.0,2900.0,1
1,1,3,0,0,180.0,1.0,0,40.0,4106.0,1
1,1,1,0,0,360.0,1.0,2,253.0,8312.0,1
1,1,2,0,0,360.0,1.0,2,187.0,7583.0,1
0,0,0,0,1,360.0,0.0,1,133.0,4583.0,0
